n,band,metric,name,gain_T_to_4T_pct,gain_2T_to_4T_pct,last_improvement_frac,iters_per_s,seed_spread_pct,long_vs_baseline_pct,best_seed_vs_baseline_pct
100,0,euclidean,mamut-toronto-n100-k8-par,0.0,0.0,0.012,451.7,0.5385,0.0,-0.0
100,0,fastest,mamut-toronto-n100-k8-par,0.5126,-0.0,0.261,508.1,0.6885,-0.1906,-0.1906
100,0,shortest,mamut-toronto-n100-k8-par,0.125,-0.0,0.32,532.2,0.1663,-0.0,-0.0
148,0,euclidean,mamut-le_mans-n148-k16-poi,0.001,-0.0,0.356,327.0,0.3092,-0.0339,-0.033
148,0,fastest,mamut-le_mans-n148-k16-poi,0.2313,0.2313,0.836,251.6,0.3706,-0.2219,-0.2012
148,0,shortest,mamut-le_mans-n148-k16-poi,-0.0,-0.0,0.126,232.4,0.3914,-0.0694,-0.0031
221,1,euclidean,mamut-manila-n221-k48-hyb,0.1959,0.0388,0.989,444.8,0.1365,-0.03,-0.1355
221,1,fastest,mamut-manila-n221-k48-hyb,0.0,0.0,0.121,542.8,0.0,-0.0,-0.0
221,1,shortest,mamut-manila-n221-k48-hyb,0.0044,-0.0,0.258,528.4,0.358,-0.3182,-0.3182
351,1,euclidean,mamut-vilnius-n351-k9-poi,0.0,0.0,0.178,474.3,0.2757,-0.0941,-0.0841
351,1,fastest,mamut-vilnius-n351-k9-poi,0.1752,0.1602,0.883,565.6,0.035,-0.1418,0.0097
351,1,shortest,mamut-vilnius-n351-k9-poi,0.1292,0.0,0.45,662.6,0.1058,-0.3161,-0.2464
509,2,euclidean,mamut-tours-n509-k48-hyb,0.4443,0.3685,0.569,489.2,0.2355,-0.1843,-0.3656
509,2,fastest,mamut-tours-n509-k48-hyb,0.0962,0.0523,0.962,611.6,0.1873,-0.0801,-0.1164
509,2,shortest,mamut-tours-n509-k48-hyb,0.0,0.0,0.08,596.8,0.0478,-0.521,-0.3561
705,3,euclidean,mamut-stockholm-n705-k60-par,0.8385,0.2442,0.777,428.8,0.5222,-0.2363,-0.5438
705,3,fastest,mamut-stockholm-n705-k60-par,0.2945,0.0,0.423,597.1,0.1777,-0.1298,-0.1595
705,3,shortest,mamut-stockholm-n705-k60-par,-0.0,-0.0,0.181,529.5,0.3613,-0.3058,-0.3747
1000,3,euclidean,mamut-lyon-n1000-k91-poi,0.0,0.0,0.19,314.5,0.1716,-0.4048,-0.2451
1000,3,fastest,mamut-lyon-n1000-k91-poi,0.0779,0.0779,0.604,480.0,0.2095,-0.1664,-0.1386
1000,3,shortest,mamut-lyon-n1000-k91-poi,0.0771,0.0,0.273,389.7,0.1095,-0.34,-0.2682
1500,4,euclidean,mamut-auckland-n1500-k12-poi,0.4465,0.3997,0.972,920.3,0.4702,-3.7624,-3.7049
1500,4,fastest,mamut-auckland-n1500-k12-poi,0.441,0.3061,0.522,895.3,0.4506,-1.2371,-0.8953
1500,4,shortest,mamut-auckland-n1500-k12-poi,0.6575,0.2658,0.919,949.0,1.4177,-0.8746,-0.9498
2500,4,euclidean,mamut-manila-n2500-k54-poi,-0.0,-0.0,0.18,606.8,0.4929,-0.4353,-0.195
2500,4,fastest,mamut-manila-n2500-k54-poi,0.2433,-0.0,0.283,694.1,0.1422,-0.3266,-0.393
2500,4,shortest,mamut-manila-n2500-k54-poi,0.4692,0.1061,0.915,671.5,0.2228,-0.645,-0.2589
4000,4,euclidean,mamut-bogota-n4000-k508-poi,0.2204,0.0251,0.997,62.7,0.0934,-0.9982,-0.8092
4000,4,fastest,mamut-bogota-n4000-k508-poi,0.171,0.0448,0.672,107.0,0.0825,-0.9587,-0.7832
4000,4,shortest,mamut-bogota-n4000-k508-poi,0.1989,0.0235,0.999,59.0,0.0424,-0.9419,-0.844
