metric,name,n,k,tie,first_pass_cost,campaign_2_cost
euclidean,mamut-arles-n179-k11-par,179,11,same-routes-reversed,489853.36200000026,489853.3619999999
euclidean,mamut-athens-n105-k7-poi,105,7,same-routes-reversed,252305.53100000013,252305.531
euclidean,mamut-barcelona-n107-k8-poi,107,8,same-routes-reversed,437121.27699999994,437121.2769999999
euclidean,mamut-berlin-n145-k11-hyb,145,11,same-routes-reversed,571853.81,571853.8099999999
euclidean,mamut-caen-n192-k64-poi,192,64,same-routes-reversed,363255.85900000023,363255.85899999976
euclidean,mamut-clermont_ferrand-n129-k9-poi,129,9,same-routes-reversed,271682.13200000004,271682.1319999998
euclidean,mamut-limoges-n152-k7-poi,152,7,same-routes-reversed,134633.7119999999,134633.71199999988
euclidean,mamut-new_york-n142-k9-hyb,142,9,same-routes-reversed,699185.4640000004,699185.4639999996
euclidean,mamut-paris-n171-k8-hyb,171,8,same-routes-reversed,145869.84699999995,145869.84699999992
euclidean,mamut-perpignan-n132-k9-poi,132,9,same-routes-reversed,271491.3599999999,271491.35999999987
euclidean,mamut-reykjavik-n138-k10-poi,138,10,same-routes-reversed,214112.54799999995,214112.54799999986
euclidean,mamut-sydney-n118-k9-poi,118,9,same-routes-reversed,731176.0909999999,731176.0909999997
euclidean,mamut-toronto-n100-k8-par,100,8,same-routes-reversed,653874.642,653874.6419999996
fastest,mamut-caen-n192-k64-poi,192,64,different-routes-equal-cost,30039.666,30039.665999999972
fastest,mamut-manila-n221-k48-hyb,221,48,different-routes-equal-cost,47689.13100000003,47689.13099999998
fastest,mamut-montreal-n112-k9-par,112,9,different-routes-equal-cost,46113.64899999999,46113.64899999998
fastest,mamut-new_york-n142-k9-hyb,142,9,same-routes-reordered,47164.359999999964,47164.35999999996
fastest,mamut-reykjavik-n138-k10-poi,138,10,different-routes-equal-cost,17971.457000000002,17971.456999999988
fastest,mamut-saint_malo-n260-k35-par,260,35,different-routes-equal-cost,28054.80200000001,28054.801999999992
fastest,mamut-sydney-n118-k9-poi,118,9,different-routes-equal-cost,43342.45900000002,43342.45899999998
fastest,mamut-toulon-n196-k60-poi,196,60,different-routes-equal-cost,32136.067999999996,32136.067999999967
shortest,mamut-athens-n105-k7-poi,105,7,same-routes-reordered,342880.09100000025,342880.09099999984
shortest,mamut-berlin-n145-k11-hyb,145,11,same-routes-reordered,737562.727,737562.7269999997
shortest,mamut-london-n115-k9-hyb,115,9,same-routes-reordered,798494.2739999999,798494.2739999994
shortest,mamut-new_york-n142-k9-hyb,142,9,same-routes-reordered,940859.7759999995,940859.7759999993
shortest,mamut-paris-n171-k8-hyb,171,8,same-routes-reordered,217499.89300000013,217499.89299999998
shortest,mamut-perpignan-n132-k9-poi,132,9,different-routes-equal-cost,340619.519,340619.5189999997
shortest,mamut-reykjavik-n138-k10-poi,138,10,different-routes-equal-cost,317416.6699999999,317416.6699999998
shortest,mamut-rome-n102-k9-poi,102,9,same-routes-reordered,873824.508,873824.5079999997
shortest,mamut-sydney-n118-k9-poi,118,9,same-routes-reordered,952443.987,952443.9869999994
shortest,mamut-toronto-n100-k8-par,100,8,same-routes-reordered,808359.5560000003,808359.5559999999
