metric,name,n,k,cost,num_routes,method,seed,time_limit_s,campaign
euclidean,mamut-amsterdam-n722-k69-hyb,722,69,1542689.2610000009,70,pyvrp-ils-v1,1004,3464,mamut2026-bks-2
euclidean,mamut-auckland-n1500-k12-poi,1500,12,559215.5820000002,12,pyvrp-ils-v1,1009,14400,mamut2026-bks-2
euclidean,mamut-auckland-n830-k30-poi,830,30,752547.152,30,pyvrp-ils-v1,1010,3984,mamut2026-bks-2
euclidean,mamut-bogota-n4000-k508-poi,4000,508,95389545.61599974,509,pyvrp-ils-v1,1019,28800,mamut2026-bks-2
euclidean,mamut-bordeaux-n756-k250-hyb,756,250,3071904.333999994,260,pyvrp-ils-v1,1020,3628,mamut2026-bks-2
euclidean,mamut-copenhagen-n739-k203-hyb,739,203,8300778.33200001,207,pyvrp-ils-v1,1034,3546,mamut2026-bks-2
euclidean,mamut-dakar-n1500-k364-poi,1500,364,3944590.597999999,365,pyvrp-ils-v1,1035,14400,mamut2026-bks-2
euclidean,mamut-hanoi-n850-k101-par,850,101,5463305.18999999,103,pyvrp-ils-v1,1040,4080,mamut2026-bks-2
euclidean,mamut-hong_kong-n955-k207-par,955,207,3892352.53,207,pyvrp-ils-v1,1042,4584,mamut2026-bks-2
euclidean,mamut-johannesburg-n911-k83-par,911,83,6521832.472999999,83,pyvrp-ils-v1,1043,4372,mamut2026-bks-2
euclidean,mamut-lyon-n1000-k91-poi,1000,91,2152508.5529999984,91,pyvrp-ils-v1,1055,4800,mamut2026-bks-2
euclidean,mamut-manila-n2500-k54-poi,2500,54,1527693.3640000005,54,pyvrp-ils-v1,1058,24000,mamut2026-bks-2
euclidean,mamut-marseille-n774-k17-poi,774,17,545248.2309999997,17,pyvrp-ils-v1,1059,3714,mamut2026-bks-2
euclidean,mamut-montpellier-n870-k105-hyb,870,105,3060908.1129999966,106,pyvrp-ils-v1,1062,4176,mamut2026-bks-2
euclidean,mamut-montreal-n4000-k378-poi,4000,378,17041992.891000014,380,pyvrp-ils-v1,1064,28800,mamut2026-bks-2
euclidean,mamut-nairobi-n792-k18-par,792,18,603316.4010000008,18,pyvrp-ils-v1,1067,3800,mamut2026-bks-2
euclidean,mamut-paris-n1500-k107-poi,1500,107,937057.7359999992,107,pyvrp-ils-v1,1075,14400,mamut2026-bks-2
euclidean,mamut-prague-n2000-k13-poi,2000,13,1309917.6590000007,13,pyvrp-ils-v1,1079,19200,mamut2026-bks-2
euclidean,mamut-san_francisco-n890-k83-par,890,83,2641932.012,84,pyvrp-ils-v1,1090,4272,mamut2026-bks-2
euclidean,mamut-singapore-n4000-k498-poi,4000,498,38219674.19999997,498,pyvrp-ils-v1,1093,28800,mamut2026-bks-2
euclidean,mamut-sofia-n1500-k114-poi,1500,114,1389893.821,115,pyvrp-ils-v1,1094,14400,mamut2026-bks-2
euclidean,mamut-sofia-n977-k111-poi,977,111,5453006.270999995,112,pyvrp-ils-v1,1095,4688,mamut2026-bks-2
euclidean,mamut-stockholm-n705-k60-par,705,60,1564475.3730000001,60,pyvrp-ils-v1,1096,3384,mamut2026-bks-2
euclidean,mamut-strasbourg-n811-k163-hyb,811,163,2396919.9779999997,163,pyvrp-ils-v1,4,1946,mamut2026-bks-2
euclidean,mamut-vienna-n1200-k130-poi,1200,130,6590209.096000002,131,pyvrp-ils-v1,1105,11520,mamut2026-bks-2
euclidean,mamut-zurich-n933-k20-poi,933,20,579526.8060000007,20,pyvrp-ils-v1,1109,4478,mamut2026-bks-2
shortest,mamut-amsterdam-n722-k69-hyb,722,69,2191306.632000002,70,pyvrp-ils-v1,1114,3464,mamut2026-bks-2
shortest,mamut-auckland-n1500-k12-poi,1500,12,845176.593,12,pyvrp-ils-v1,1119,14400,mamut2026-bks-2
shortest,mamut-auckland-n830-k30-poi,830,30,1003988.1850000011,30,pyvrp-ils-v1,1120,3984,mamut2026-bks-2
shortest,mamut-bogota-n4000-k508-poi,4000,508,141118337.6970004,510,pyvrp-ils-v1,1129,28800,mamut2026-bks-2
shortest,mamut-bordeaux-n756-k250-hyb,756,250,3969799.275000003,260,pyvrp-ils-v1,1130,3628,mamut2026-bks-2
shortest,mamut-copenhagen-n739-k203-hyb,739,203,9850718.10100001,208,pyvrp-ils-v1,1144,3546,mamut2026-bks-2
shortest,mamut-dakar-n1500-k364-poi,1500,364,5037860.6959999995,365,pyvrp-ils-v1,1145,14400,mamut2026-bks-2
shortest,mamut-hanoi-n850-k101-par,850,101,7235524.700000008,103,pyvrp-ils-v1,1150,4080,mamut2026-bks-2
shortest,mamut-hong_kong-n955-k207-par,955,207,5929029.515999995,208,pyvrp-ils-v1,1152,4584,mamut2026-bks-2
shortest,mamut-johannesburg-n911-k83-par,911,83,8029295.481000001,83,pyvrp-ils-v1,1153,4372,mamut2026-bks-2
shortest,mamut-lyon-n1000-k91-poi,1000,91,2743184.1989999935,91,pyvrp-ils-v1,1165,4800,mamut2026-bks-2
shortest,mamut-manila-n2500-k54-poi,2500,54,2072251.0679999972,54,pyvrp-ils-v1,1168,24000,mamut2026-bks-2
shortest,mamut-marseille-n774-k17-poi,774,17,812817.9940000009,17,pyvrp-ils-v1,1169,3714,mamut2026-bks-2
shortest,mamut-montpellier-n870-k105-hyb,870,105,3639279.1560000004,106,pyvrp-ils-v1,1172,4176,mamut2026-bks-2
shortest,mamut-montreal-n4000-k378-poi,4000,378,20323576.964000057,381,pyvrp-ils-v1,1174,28800,mamut2026-bks-2
shortest,mamut-nairobi-n792-k18-par,792,18,859927.9300000018,18,pyvrp-ils-v1,1177,3800,mamut2026-bks-2
shortest,mamut-paris-n1500-k107-poi,1500,107,1249529.068000001,107,pyvrp-ils-v1,1185,14400,mamut2026-bks-2
shortest,mamut-prague-n2000-k13-poi,2000,13,2109036.6509999963,13,pyvrp-ils-v1,1189,19200,mamut2026-bks-2
shortest,mamut-san_francisco-n890-k83-par,890,83,3249246.4180000047,84,pyvrp-ils-v1,1200,4272,mamut2026-bks-2
shortest,mamut-singapore-n4000-k498-poi,4000,498,58246683.21799991,499,pyvrp-ils-v1,1203,28800,mamut2026-bks-2
shortest,mamut-sofia-n1500-k114-poi,1500,114,1974945.0339999988,116,pyvrp-ils-v1,1204,14400,mamut2026-bks-2
shortest,mamut-sofia-n977-k111-poi,977,111,7129527.558000003,112,pyvrp-ils-v1,1205,4688,mamut2026-bks-2
shortest,mamut-stockholm-n705-k60-par,705,60,2277048.5809999984,60,pyvrp-ils-v1,1206,3384,mamut2026-bks-2
shortest,mamut-strasbourg-n811-k163-hyb,811,163,3107183.496999997,163,pyvrp-ils-v1,1207,3892,mamut2026-bks-2
shortest,mamut-vienna-n1200-k130-poi,1200,130,8622370.795000013,131,pyvrp-ils-v1,1215,11520,mamut2026-bks-2
shortest,mamut-zurich-n933-k20-poi,933,20,847059.0180000002,20,pyvrp-ils-v1,1219,4478,mamut2026-bks-2
fastest,mamut-amsterdam-n722-k69-hyb,722,69,131207.27900000013,70,pyvrp-ils-v1,1224,3464,mamut2026-bks-2
fastest,mamut-auckland-n1500-k12-poi,1500,12,58009.55800000002,12,pyvrp-ils-v1,1229,14400,mamut2026-bks-2
fastest,mamut-auckland-n830-k30-poi,830,30,55748.10399999997,30,pyvrp-ils-v1,1230,3984,mamut2026-bks-2
fastest,mamut-bogota-n4000-k508-poi,4000,508,8530478.659999983,510,pyvrp-ils-v1,1239,28800,mamut2026-bks-2
fastest,mamut-bordeaux-n756-k250-hyb,756,250,229764.90999999965,262,pyvrp-ils-v1,1240,3628,mamut2026-bks-2
fastest,mamut-copenhagen-n739-k203-hyb,739,203,483800.7629999995,208,pyvrp-ils-v1,1254,3546,mamut2026-bks-2
fastest,mamut-dakar-n1500-k364-poi,1500,364,282988.8960000002,366,pyvrp-ils-v1,1255,14400,mamut2026-bks-2
fastest,mamut-hanoi-n850-k101-par,850,101,353612.11000000074,103,pyvrp-ils-v1,1260,4080,mamut2026-bks-2
fastest,mamut-hong_kong-n955-k207-par,955,207,278557.8320000004,208,pyvrp-ils-v1,1262,4584,mamut2026-bks-2
fastest,mamut-johannesburg-n911-k83-par,911,83,375409.0169999996,83,pyvrp-ils-v1,1263,4372,mamut2026-bks-2
fastest,mamut-lyon-n1000-k91-poi,1000,91,148784.7419999999,91,pyvrp-ils-v1,1275,4800,mamut2026-bks-2
fastest,mamut-manila-n2500-k54-poi,2500,54,134863.44499999977,54,pyvrp-ils-v1,1278,24000,mamut2026-bks-2
fastest,mamut-marseille-n774-k17-poi,774,17,60049.073999999986,17,pyvrp-ils-v1,1279,3714,mamut2026-bks-2
fastest,mamut-montpellier-n870-k105-hyb,870,105,195265.4739999998,106,pyvrp-ils-v1,1282,4176,mamut2026-bks-2
fastest,mamut-montreal-n4000-k378-poi,4000,378,958192.5300000013,381,pyvrp-ils-v1,1284,28800,mamut2026-bks-2
fastest,mamut-nairobi-n792-k18-par,792,18,58826.27499999999,18,pyvrp-ils-v1,1287,3800,mamut2026-bks-2
fastest,mamut-paris-n1500-k107-poi,1500,107,85654.94599999995,107,pyvrp-ils-v1,1295,14400,mamut2026-bks-2
fastest,mamut-prague-n2000-k13-poi,2000,13,160975.00200000012,13,pyvrp-ils-v1,1299,19200,mamut2026-bks-2
fastest,mamut-san_francisco-n890-k83-par,890,83,157994.5149999998,84,pyvrp-ils-v1,1310,4272,mamut2026-bks-2
fastest,mamut-singapore-n4000-k498-poi,4000,498,2682919.3279999904,499,pyvrp-ils-v1,1313,28800,mamut2026-bks-2
fastest,mamut-sofia-n1500-k114-poi,1500,114,126493.86700000009,116,pyvrp-ils-v1,1314,14400,mamut2026-bks-2
fastest,mamut-sofia-n977-k111-poi,977,111,318850.1840000001,112,pyvrp-ils-v1,1315,4688,mamut2026-bks-2
fastest,mamut-stockholm-n705-k60-par,705,60,134547.14499999996,61,pyvrp-ils-v1,1316,3384,mamut2026-bks-2
fastest,mamut-strasbourg-n811-k163-hyb,811,163,186021.25900000022,163,pyvrp-ils-v1,1317,3892,mamut2026-bks-2
fastest,mamut-vienna-n1200-k130-poi,1200,130,418579.8670000004,131,pyvrp-ils-v1,1325,11520,mamut2026-bks-2
fastest,mamut-zurich-n933-k20-poi,933,20,63010.048999999955,20,pyvrp-ils-v1,1329,4478,mamut2026-bks-2
