metric,name,n,k,campaign2_bks,overall_best,winner,gain_vs_campaign2_pct,filo2-seed_best,filo2-seed_routes,filo2-seed_gap_pct,filo2-seed_spread_pct,ails2-seed_best,ails2-seed_routes,ails2-seed_gap_pct,ails2-seed_spread_pct,hgs-seed_best,hgs-seed_routes,hgs-seed_gap_pct,hgs-seed_spread_pct,pyvrp-seed_best,pyvrp-seed_routes,pyvrp-seed_gap_pct,pyvrp-seed_spread_pct,pyvrp-polish_best,pyvrp-polish_routes,pyvrp-polish_gap_pct,pyvrp-polish_spread_pct
euclidean,mamut-stockholm-n705-k60-par,705,60,1564475.3730000001,1562264.236000002,pyvrp-polish,-0.1413,1562332.6720000017,60,0.0044,0.0223,1562267.7890000027,60,0.0002,0.0736,1563459.327999999,60,0.0765,0.2076,1565156.6889999998,60,0.1851,0.1066,1562264.236000002,60,0.0,
euclidean,mamut-amsterdam-n722-k69-hyb,722,69,1542689.2610000009,1538040.0729999999,ails2-seed,-0.3014,1540344.0350000013,70,0.1498,0.0841,1538040.0729999999,69,0.0,0.0776,1539107.7560000008,70,0.0694,0.1503,1541598.9949999999,70,0.2314,0.0968,1538040.0729999999,69,0.0,
euclidean,mamut-copenhagen-n739-k203-hyb,739,203,8300778.33200001,8237710.6090000095,pyvrp-polish,-0.7598,8256205.901999998,206,0.2245,0.2191,8237851.6680000005,205,0.0017,0.0302,8258176.194000004,206,0.2484,0.1208,8299227.054000009,207,0.7468,0.3204,8237710.6090000095,205,0.0,
euclidean,mamut-bordeaux-n756-k250-hyb,756,250,3071904.333999994,3066212.708000002,hgs-seed,-0.1853,3072528.3439999977,258,0.206,0.2629,3066327.366999997,257,0.0037,0.0815,3066212.708000002,258,0.0,0.133,3071607.970999997,259,0.176,0.1001,3066212.708000002,258,0.0,
euclidean,mamut-marseille-n774-k17-poi,774,17,545248.2309999997,544774.729,ails2-seed,-0.0868,544856.8489999999,17,0.0151,0.1733,544774.729,17,0.0,0.0251,544846.4439999999,17,0.0132,0.0777,545334.2829999998,17,0.1027,0.2089,544774.729,17,0.0,
euclidean,mamut-nairobi-n792-k18-par,792,18,603316.4010000008,601767.5030000005,ails2-seed,-0.2567,601811.4320000007,18,0.0073,0.0557,601767.5030000005,18,0.0,0.0605,602186.8650000002,18,0.0697,0.0855,602699.9160000003,18,0.1549,0.05,601767.5030000005,18,0.0,
euclidean,mamut-strasbourg-n811-k163-hyb,811,163,2396919.9779999997,2396199.537000001,filo2-seed,-0.0301,2396199.537000001,163,0.0,0.0051,2396199.537000003,163,0.0,0.004,2396359.823,163,0.0067,0.0629,2396919.9779999997,163,0.0301,0.0175,2396199.537000001,163,0.0,
euclidean,mamut-auckland-n830-k30-poi,830,30,752547.152,748262.7659999984,pyvrp-polish,-0.5693,748768.0059999998,30,0.0675,0.3376,748268.0229999983,30,0.0007,0.3491,749677.5279999996,30,0.1891,0.8426,752606.1319999996,30,0.5805,0.1454,748262.7659999984,30,0.0,
euclidean,mamut-hanoi-n850-k101-par,850,101,5463305.18999999,5423760.546999991,pyvrp-polish,-0.7238,5440048.006,101,0.3003,0.0278,5423928.807999989,101,0.0031,0.0092,5432382.649000004,102,0.159,0.1132,5454288.182999999,102,0.5628,0.0959,5423760.546999991,101,0.0,
euclidean,mamut-montpellier-n870-k105-hyb,870,105,3060908.1129999966,3049135.9880000004,pyvrp-polish,-0.3846,3051771.4620000036,106,0.0864,0.1979,3049161.2939999998,106,0.0008,0.0431,3057271.602000002,106,0.2668,0.078,3060823.096999999,106,0.3833,0.0803,3049135.9880000004,106,0.0,
euclidean,mamut-san_francisco-n890-k83-par,890,83,2641932.012,2631467.126000002,ails2-seed,-0.3961,2632988.3039999995,83,0.0578,0.0648,2631467.126000002,83,0.0,0.0298,2637176.8360000015,83,0.217,0.1139,2642061.271000001,84,0.4026,0.1107,2631467.126000002,83,0.0,
euclidean,mamut-johannesburg-n911-k83-par,911,83,6521832.472999999,6514703.296000005,pyvrp-polish,-0.1093,6515754.3620000025,83,0.0161,0.0411,6514800.306000005,83,0.0015,0.0317,6521937.669000005,83,0.111,0.0124,6521050.642000002,83,0.0974,0.0355,6514703.296000005,83,0.0,
euclidean,mamut-zurich-n933-k20-poi,933,20,579526.8060000007,576101.1890000005,ails2-seed,-0.5911,580008.6400000002,20,0.6783,0.3761,576101.1890000005,20,0.0,0.1515,576611.4220000007,20,0.0886,0.2517,577839.9370000011,20,0.3018,0.3807,576101.1890000005,20,0.0,
euclidean,mamut-hong_kong-n955-k207-par,955,207,3892352.53,3890869.632000003,pyvrp-polish,-0.0381,3902642.778000002,207,0.3026,0.0475,3890894.991000001,207,0.0007,0.009,3891946.841,207,0.0277,0.0154,3892429.213999998,207,0.0401,0.0061,3890869.632000003,207,0.0,
euclidean,mamut-sofia-n977-k111-poi,977,111,5453006.270999995,5437870.206999992,pyvrp-polish,-0.2776,5449366.184000001,112,0.2114,0.0305,5437959.028999993,112,0.0016,0.2171,5453623.385999994,112,0.2897,0.0891,5451611.847000003,112,0.2527,0.1302,5437870.206999992,112,0.0,
euclidean,mamut-lyon-n1000-k91-poi,1000,91,2152508.5529999984,2148171.7439999986,pyvrp-polish,-0.2015,2149659.579999999,91,0.0693,0.1667,2148179.245999999,91,0.0003,0.0544,2153531.5369999995,91,0.2495,0.3035,2152966.555000002,91,0.2232,0.1819,2148171.7439999986,91,0.0,
euclidean,mamut-vienna-n1200-k130-poi,1200,130,6590209.096000002,6554530.028000016,pyvrp-polish,-0.5414,6575224.322000006,131,0.3157,0.0882,6554600.546000011,130,0.0011,0.0839,6597504.801000002,130,0.6556,0.1546,6590630.221,131,0.5508,0.1378,6554530.028000016,130,0.0,
euclidean,mamut-auckland-n1500-k12-poi,1500,12,559215.5820000002,555592.054999999,ails2-seed,-0.648,556967.3909999994,12,0.2475,0.5753,555592.054999999,12,0.0,0.0899,555772.5380000009,12,0.0325,0.2817,556453.1720000005,12,0.155,1.0738,555592.054999999,12,0.0,
euclidean,mamut-dakar-n1500-k364-poi,1500,364,3944590.597999999,3940957.793000003,pyvrp-polish,-0.0921,3948590.374000005,366,0.1937,0.0181,3940971.424000003,365,0.0003,0.0491,3946102.1419999977,365,0.1305,0.0973,3943748.8260000004,365,0.0708,0.039,3940957.793000003,365,0.0,
euclidean,mamut-paris-n1500-k107-poi,1500,107,937057.7359999992,931582.6959999998,pyvrp-polish,-0.5843,932843.6019999996,107,0.1354,0.2059,931587.5809999997,107,0.0005,0.2774,937172.0260000003,107,0.6,0.1005,937479.8719999988,107,0.633,0.2081,931582.6959999998,107,0.0,
euclidean,mamut-sofia-n1500-k114-poi,1500,114,1389893.821,1382067.943999999,pyvrp-polish,-0.5631,1382765.0319999978,115,0.0504,0.1457,1382088.5089999975,115,0.0015,0.2719,1387129.948000002,115,0.3663,0.307,1390192.232999999,115,0.5878,0.0975,1382067.943999999,115,0.0,
euclidean,mamut-prague-n2000-k13-poi,2000,13,1309917.6590000007,1290615.545000004,pyvrp-polish,-1.4735,1292756.7930000008,13,0.1659,0.5976,1290618.698,13,0.0002,0.0801,1340743.7580000027,13,3.8841,0.9709,1310479.297000001,13,1.5391,0.5,1290615.545000004,13,0.0,
euclidean,mamut-manila-n2500-k54-poi,2500,54,1527693.3640000005,1517650.902999999,pyvrp-polish,-0.6574,1519473.5369999993,54,0.1201,0.1478,1517674.2129999984,54,0.0015,0.1831,1538014.1279999968,54,1.3418,0.6989,1529229.716,54,0.7629,0.695,1517650.902999999,54,0.0,
euclidean,mamut-bogota-n4000-k508-poi,4000,508,95389545.61599974,95199119.9429996,pyvrp-polish,-0.1996,95472205.30099976,510,0.2869,0.0246,95207312.21000016,508,0.0086,0.0306,95643017.073,509,0.4663,0.0746,95410398.21099994,509,0.2219,0.1251,95199119.9429996,508,0.0,
euclidean,mamut-montreal-n4000-k378-poi,4000,378,17041992.891000014,16966808.272000022,pyvrp-polish,-0.4412,17003985.686,379,0.2191,0.1271,16968165.779000025,378,0.008,0.0313,17129096.321999982,380,0.9565,0.1154,17048133.326999985,380,0.4793,0.3151,16966808.272000022,378,0.0,
euclidean,mamut-singapore-n4000-k498-poi,4000,498,38219674.19999997,38185753.111999884,pyvrp-polish,-0.0888,38212868.205999926,498,0.071,0.0706,38187785.281999975,498,0.0053,0.0174,38317868.59899998,498,0.346,0.1148,38229147.82799994,498,0.1136,0.1476,38185753.111999884,498,0.0,
fastest,mamut-stockholm-n705-k60-par,705,60,134547.14499999996,134488.76899999988,pyvrp-polish,-0.0434,,,,,,,,,,,,,134605.58000000016,61,0.0869,0.1848,134488.76899999988,61,0.0,
fastest,mamut-amsterdam-n722-k69-hyb,722,69,131207.27900000013,130901.67299999986,pyvrp-polish,-0.2329,,,,,,,,,,,,,131087.7149999999,70,0.1421,0.1639,130901.67299999986,70,0.0,
fastest,mamut-copenhagen-n739-k203-hyb,739,203,483800.7629999995,483510.2580000001,pyvrp-polish,-0.06,,,,,,,,,,,,,484316.0540000001,209,0.1667,0.1941,483510.2580000001,208,0.0,
fastest,mamut-bordeaux-n756-k250-hyb,756,250,229764.90999999965,229540.86999999982,pyvrp-polish,-0.0975,,,,,,,,,,,,,229705.2419999997,262,0.0716,0.0237,229540.86999999982,261,0.0,
fastest,mamut-marseille-n774-k17-poi,774,17,60049.073999999986,60012.278999999944,pyvrp-polish,-0.0613,,,,,,,,,,,,,60136.24399999998,17,0.2066,0.2877,60012.278999999944,17,0.0,
fastest,mamut-nairobi-n792-k18-par,792,18,58826.27499999999,58748.781000000025,pyvrp-polish,-0.1317,,,,,,,,,,,,,58763.43199999999,18,0.0249,0.1258,58748.781000000025,18,0.0,
fastest,mamut-strasbourg-n811-k163-hyb,811,163,186021.25900000022,185943.66100000025,pyvrp-polish,-0.0417,,,,,,,,,,,,,185943.66100000025,163,0.0,0.0303,185943.66100000025,163,0.0,
fastest,mamut-auckland-n830-k30-poi,830,30,55748.10399999997,55672.35799999998,pyvrp-polish,-0.1359,,,,,,,,,,,,,55755.880999999936,30,0.15,0.2569,55672.35799999998,30,0.0,
fastest,mamut-hanoi-n850-k101-par,850,101,353612.11000000074,353300.13000000035,pyvrp-polish,-0.0882,,,,,,,,,,,,,353394.765,103,0.0268,0.1212,353300.13000000035,103,0.0,
fastest,mamut-montpellier-n870-k105-hyb,870,105,195265.4739999998,194896.35299999997,pyvrp-polish,-0.189,,,,,,,,,,,,,195130.4329999999,106,0.1201,0.1794,194896.35299999997,106,0.0,
fastest,mamut-san_francisco-n890-k83-par,890,83,157994.5149999998,157958.126,pyvrp-polish,-0.023,,,,,,,,,,,,,158070.50399999993,84,0.0711,0.0194,157958.126,84,0.0,
fastest,mamut-johannesburg-n911-k83-par,911,83,375409.0169999996,375091.5299999999,pyvrp-polish,-0.0846,,,,,,,,,,,,,375188.84299999976,83,0.0259,0.0857,375091.5299999999,83,0.0,
fastest,mamut-zurich-n933-k20-poi,933,20,63010.048999999955,62855.64799999995,pyvrp-polish,-0.245,,,,,,,,,,,,,62870.20799999997,20,0.0232,0.4714,62855.64799999995,20,0.0,
fastest,mamut-hong_kong-n955-k207-par,955,207,278557.8320000004,278442.9099999998,pyvrp-polish,-0.0413,,,,,,,,,,,,,278484.08900000015,208,0.0148,0.0782,278442.9099999998,208,0.0,
fastest,mamut-sofia-n977-k111-poi,977,111,318850.1840000001,318675.0909999995,pyvrp-polish,-0.0549,,,,,,,,,,,,,319212.2089999996,112,0.1685,0.2744,318675.0909999995,112,0.0,
fastest,mamut-lyon-n1000-k91-poi,1000,91,148784.7419999999,148721.90699999977,pyvrp-polish,-0.0422,,,,,,,,,,,,,148873.86200000014,91,0.1022,0.0863,148721.90699999977,91,0.0,
fastest,mamut-vienna-n1200-k130-poi,1200,130,418579.8670000004,418298.1589999995,pyvrp-polish,-0.0673,,,,,,,,,,,,,418615.1400000003,131,0.0758,0.0937,418298.1589999995,131,0.0,
fastest,mamut-auckland-n1500-k12-poi,1500,12,58009.55800000002,57676.293000000034,pyvrp-polish,-0.5745,,,,,,,,,,,,,57760.17000000003,12,0.1454,1.0973,57676.293000000034,12,0.0,
fastest,mamut-dakar-n1500-k364-poi,1500,364,282988.8960000002,282901.32399999973,pyvrp-polish,-0.0309,,,,,,,,,,,,,283063.34999999974,366,0.0573,0.0868,282901.32399999973,366,0.0,
fastest,mamut-paris-n1500-k107-poi,1500,107,85654.94599999995,85638.61399999991,pyvrp-polish,-0.0191,,,,,,,,,,,,,85933.3810000001,108,0.3442,0.1227,85638.61399999991,107,0.0,
fastest,mamut-sofia-n1500-k114-poi,1500,114,126493.86700000009,126206.96400000007,pyvrp-polish,-0.2268,,,,,,,,,,,,,126653.45700000005,117,0.3538,0.263,126206.96400000007,116,0.0,
fastest,mamut-prague-n2000-k13-poi,2000,13,160975.00200000012,160550.80000000002,pyvrp-polish,-0.2635,,,,,,,,,,,,,160716.41100000014,13,0.1032,0.3479,160550.80000000002,13,0.0,
fastest,mamut-manila-n2500-k54-poi,2500,54,134863.44499999977,134802.7969999996,pyvrp-polish,-0.045,,,,,,,,,,,,,135118.96600000007,54,0.2345,0.3754,134802.7969999996,54,0.0,
fastest,mamut-bogota-n4000-k508-poi,4000,508,8530478.659999983,8521284.18400001,pyvrp-polish,-0.1078,,,,,,,,,,,,,8523036.115000015,509,0.0206,0.2236,8521284.18400001,509,0.0,
fastest,mamut-montreal-n4000-k378-poi,4000,378,958192.5300000013,956059.7379999994,pyvrp-polish,-0.2226,,,,,,,,,,,,,958456.5260000008,381,0.2507,0.4826,956059.7379999994,380,0.0,
fastest,mamut-singapore-n4000-k498-poi,4000,498,2682919.3279999904,2682443.009999991,pyvrp-polish,-0.0178,,,,,,,,,,,,,2683706.521999996,499,0.0471,0.0224,2682443.009999991,499,0.0,
shortest,mamut-stockholm-n705-k60-par,705,60,2277048.5809999984,2275249.4099999983,pyvrp-polish,-0.079,,,,,,,,,,,,,2276810.411000002,60,0.0686,0.2035,2275249.4099999983,60,0.0,
shortest,mamut-amsterdam-n722-k69-hyb,722,69,2191306.632000002,2191029.938000002,pyvrp-polish,-0.0126,,,,,,,,,,,,,2192942.326,70,0.0873,0.1015,2191029.938000002,70,0.0,
shortest,mamut-copenhagen-n739-k203-hyb,739,203,9850718.10100001,9832734.072999988,pyvrp-polish,-0.1826,,,,,,,,,,,,,9866724.03500002,209,0.3457,0.0903,9832734.072999988,208,0.0,
shortest,mamut-bordeaux-n756-k250-hyb,756,250,3969799.275000003,3968773.802000005,pyvrp-polish,-0.0258,,,,,,,,,,,,,3970298.4440000015,260,0.0384,0.086,3968773.802000005,260,0.0,
shortest,mamut-marseille-n774-k17-poi,774,17,812817.9940000009,809946.2849999995,pyvrp-polish,-0.3533,,,,,,,,,,,,,810473.1290000008,17,0.065,0.8787,809946.2849999995,17,0.0,
shortest,mamut-nairobi-n792-k18-par,792,18,859927.9300000018,858528.4450000009,pyvrp-polish,-0.1627,,,,,,,,,,,,,860436.2690000014,18,0.2222,0.0772,858528.4450000009,18,0.0,
shortest,mamut-strasbourg-n811-k163-hyb,811,163,3107183.496999997,3106022.9700000035,pyvrp-polish,-0.0373,,,,,,,,,,,,,3106394.1479999996,163,0.012,0.018,3106022.9700000035,163,0.0,
shortest,mamut-auckland-n830-k30-poi,830,30,1003988.1850000011,1003594.0030000008,pyvrp-polish,-0.0393,,,,,,,,,,,,,1003877.6359999998,30,0.0283,0.4079,1003594.0030000008,30,0.0,
shortest,mamut-hanoi-n850-k101-par,850,101,7235524.700000008,7223675.3960000025,pyvrp-polish,-0.1638,,,,,,,,,,,,,7224644.082000006,102,0.0134,0.2235,7223675.3960000025,102,0.0,
shortest,mamut-montpellier-n870-k105-hyb,870,105,3639279.1560000004,3637806.462000006,pyvrp-polish,-0.0405,,,,,,,,,,,,,3640560.793999995,106,0.0757,0.0685,3637806.462000006,106,0.0,
shortest,mamut-san_francisco-n890-k83-par,890,83,3249246.4180000047,3241206.450000002,pyvrp-polish,-0.2474,,,,,,,,,,,,,3245634.1589999977,84,0.1366,0.248,3241206.450000002,84,0.0,
shortest,mamut-johannesburg-n911-k83-par,911,83,8029295.481000001,8022980.795000002,pyvrp-polish,-0.0786,,,,,,,,,,,,,8027273.442000008,83,0.0535,0.0581,8022980.795000002,83,0.0,
shortest,mamut-zurich-n933-k20-poi,933,20,847059.0180000002,842650.9900000003,pyvrp-polish,-0.5204,,,,,,,,,,,,,845173.5019999994,20,0.2994,0.2964,842650.9900000003,20,0.0,
shortest,mamut-hong_kong-n955-k207-par,955,207,5929029.515999995,5926772.083999992,pyvrp-polish,-0.0381,,,,,,,,,,,,,5927502.078000012,208,0.0123,0.0589,5926772.083999992,208,0.0,
shortest,mamut-sofia-n977-k111-poi,977,111,7129527.558000003,7127367.858000005,pyvrp-polish,-0.0303,,,,,,,,,,,,,7129467.320999997,112,0.0295,0.056,7127367.858000005,112,0.0,
shortest,mamut-lyon-n1000-k91-poi,1000,91,2743184.1989999935,2741699.7179999985,pyvrp-polish,-0.0541,,,,,,,,,,,,,2743589.916999999,91,0.0689,0.129,2741699.7179999985,91,0.0,
shortest,mamut-vienna-n1200-k130-poi,1200,130,8622370.795000013,8620710.991000008,pyvrp-polish,-0.0192,,,,,,,,,,,,,8622164.226999994,131,0.0169,0.1093,8620710.991000008,131,0.0,
shortest,mamut-auckland-n1500-k12-poi,1500,12,845176.593,840195.8829999994,pyvrp-polish,-0.5893,,,,,,,,,,,,,843620.9250000009,12,0.4076,0.9033,840195.8829999994,12,0.0,
shortest,mamut-dakar-n1500-k364-poi,1500,364,5037860.6959999995,5035210.829000003,pyvrp-polish,-0.0526,,,,,,,,,,,,,5037246.780999994,365,0.0404,0.0618,5035210.829000003,365,0.0,
shortest,mamut-paris-n1500-k107-poi,1500,107,1249529.068000001,1248198.898,pyvrp-polish,-0.1065,,,,,,,,,,,,,1251190.0049999985,107,0.2396,0.0883,1248198.898,107,0.0,
shortest,mamut-sofia-n1500-k114-poi,1500,114,1974945.0339999988,1970947.7040000004,pyvrp-polish,-0.2024,,,,,,,,,,,,,1981262.1969999997,116,0.5233,0.1742,1970947.7040000004,116,0.0,
shortest,mamut-prague-n2000-k13-poi,2000,13,2109036.6509999963,2099463.9630000023,pyvrp-polish,-0.4539,,,,,,,,,,,,,2104968.668999999,13,0.2622,0.383,2099463.9630000023,13,0.0,
shortest,mamut-manila-n2500-k54-poi,2500,54,2072251.0679999972,2072142.513999997,pyvrp-polish,-0.0052,,,,,,,,,,,,,2078122.3140000012,54,0.2886,0.1735,2072142.513999997,54,0.0,
shortest,mamut-bogota-n4000-k508-poi,4000,508,141118337.6970004,140896084.34900036,pyvrp-polish,-0.1575,,,,,,,,,,,,,140917108.39599997,509,0.0149,0.1427,140896084.34900036,509,0.0,
shortest,mamut-montreal-n4000-k378-poi,4000,378,20323576.964000057,20313587.51899998,pyvrp-polish,-0.0492,,,,,,,,,,,,,20333979.760000028,381,0.1004,0.1974,20313587.51899998,381,0.0,
shortest,mamut-singapore-n4000-k498-poi,4000,498,58246683.21799991,58238603.65799997,pyvrp-polish,-0.0139,,,,,,,,,,,,,58246400.365999885,499,0.0134,0.0499,58238603.65799997,499,0.0,
